antibody_id,Pdb,Total Energy,Backbone Hbond,Sidechain Hbond,Van der Waals,Electrostatics,Solvation Polar,Solvation Hydrophobic,Van der Waals clashes,Entropy Side Chain,Entropy Main Chain,Sloop Entropy,Mloop Entropy,Cis Bond,Torsional Clash,Backbone Clash,Helix Dipole,Water Bridge,Disulfide,Electrostatic Kon,Partial Covalent Bonds,Energy Ionisation,Entropy Complex,Residue Number
kinetic-template,686.023,-121.097,-29.7807,-269.577,-7.85516,399.516,-335.182,505.964,116.422,394.54,0,0,2.24811,30.0653,203.027,0,0,0,0.17738,0,0.582545,0,257,
partial-lagoon,547.552,-130.808,-32.7376,-270.233,-6.04693,395.112,-341.409,371.53,123.862,411.545,0,0,1.12406,25.4717,189.333,0,0,0,-0.0296417,0,0.170416,0,257,
glowing-avocet,1046.97,-126.086,-32.9283,-279.649,11.837,422.623,-348.897,800.049,123.853,418.849,0,0,1.75427,54.948,220.709,0,0,0,0.137864,0,0.481371,0,257,
approximate-entrepreneur,936.514,-60.7201,-24.0452,-264.634,-3.63202,406.033,-330.095,618.581,109.421,430.472,0,0,0.0,55.0479,290.937,0,0,0,-0.0620794,0,0.146347,0,257,
recursive-basin,497.053,-131.375,-22.3708,-260.458,-11.959,394.229,-323.081,315.332,109.356,396.546,0,0,1.12406,29.9936,244.691,0,0,0,-0.709933,0,0.426221,0,257,
free-hearth,959.71,-64.4861,-17.0338,-269.891,-5.52971,410.915,-346.383,695.626,111.227,404.325,0,0,1.12406,42.9165,492.055,0,0,-2.97997,-0.218059,0,0.097565,0,257,
smoky-latitude,753.29,-125.286,-29.4344,-272.321,3.82397,405.042,-334.485,542.657,113.933,406.505,0,0,1.12406,41.1265,186.087,0,0,0,-0.12105,0,0.725454,0,257,
internal-rundown,1271.19,-111.129,-40.4222,-274.201,-0.634257,424.953,-338.145,1024.73,120.002,408.477,0,0,1.12406,55.1628,288.252,0,0,0,0.318597,0,0.950167,0,257,
critical-tin,740.598,-127.485,-25.6791,-269.978,-1.20766,396.939,-333.325,519.188,112.809,414.247,0,0,2.35346,53.8636,315.815,0,0,-2.18591,0.735873,0,0.323089,0,257,
gilded-stud,683.264,-144.848,-34.603,-262.375,-0.535906,405.633,-311.292,475.687,114.874,400.157,0,0,1.12406,39.0052,203.589,0,0,0,0.123838,0,0.312885,0,257,
concave-glove,537.209,-126.782,-24.7976,-241.83,-3.36071,368.168,-295.064,308.868,97.4457,418.163,0,0,1.12406,35.0226,273.236,0,0,0,0.252335,0,0.0,0,257,
boolean-burbot,711.723,-129.884,-33.1419,-263.998,-8.35933,406.13,-325.897,517.791,119.172,392.52,0,0,2.24811,35.6064,186.215,0,0,0,-1.00416,0,0.538091,0,257,
magenta-food,791.271,-132.852,-30.0746,-254.602,2.40484,387.87,-309.673,594.733,97.3639,406.337,0,0,1.12406,31.9861,316.424,0,0,-3.37517,-0.309359,0,0.336648,0,257,
exponential-cymbal,769.917,-130.815,-38.56,-279.94,-8.686,427.178,-346.068,553.07,126.842,409.42,0,0,2.54001,54.405,338.644,0,0,0,-0.254875,0,0.785749,0,257,
soft-spook,721.367,-139.655,-30.1204,-270.208,-0.384079,397.444,-331.044,536.082,119.387,405.163,0,0,1.12406,33.3014,271.198,0,0,0,-0.28632,0,0.563484,0,257,
creative-halftone,672.772,-128.014,-27.6698,-269.944,-7.57129,393.757,-342.063,502.934,111.342,398.68,0,0,2.35844,41.929,256.68,0,0,-3.33567,-0.0182909,0,0.388064,0,257,
brilliant-charge,779.758,-135.503,-42.4993,-278.928,-7.68752,413.936,-344.412,598.127,122.927,413.971,0,0,0.0,40.7638,265.767,0,0,0,-1.01445,0,0.0787742,0,257,
strong-bear,725.329,-124.929,-25.9306,-268.762,-2.18042,395.813,-331.486,524.444,116.637,402.874,0,0,0.0,38.2067,227.653,0,0,0,0.0443044,0,0.598148,0,257,
minty-cylinder,735.275,-120.701,-26.1411,-264.43,-0.975275,398.837,-329.793,515.073,115.521,408.442,0,0,1.12406,38.4677,299.417,0,0,0,-0.150513,0,0.0,0,257,
bitter-folder,577.168,-121.599,-31.3952,-265.94,-7.5636,397.857,-331.787,387.115,117.891,398.709,0,0,0.0,33.8173,176.071,0,0,0,-0.717063,0,0.780573,0,257,
contemporary-wine,866.587,-126.316,-35.4864,-277.497,2.92702,425.249,-342.143,643.997,121.16,406.015,0,0,1.12406,46.9828,259.771,0,0,0,0.360038,0,0.215123,0,257,
quadratic-format,825.447,-135.865,-38.534,-294.31,-11.3488,440.841,-361.819,640.104,133.74,401.572,0,0,2.24811,48.0005,210.051,0,0,0,-0.0128484,0,0.830859,0,257,
avocado-bumper,980.839,-123.429,-37.9987,-290.12,-7.01818,429.284,-363.31,787.791,133.18,416.86,0,0,1.12406,33.8109,272.379,0,0,0,0.201074,0,0.46325,0,257,
cold-electricity,868.553,-143.482,-37.5641,-271.216,-5.00462,407.554,-328.754,697.776,117.347,402.113,0,0,0.0,32.8036,181.924,0,0,-3.39633,-0.191961,0,0.568309,0,257,
flat-gutter,769.24,-122.114,-35.6642,-277.109,-1.95107,415.186,-340.432,549.507,128.683,409.232,0,0,0.0,47.531,277.722,0,0,-4.12431,-0.0379829,0,0.532959,0,257,
symmetric-pad,529.117,-127.607,-34.8691,-257.946,-5.0243,386.003,-322.79,335.629,112.082,398.991,0,0,1.12406,43.2132,152.884,0,0,0,-0.334364,0,0.644953,0,257,
antique-structure,618.613,-126.436,-30.757,-261.021,-2.52766,379.081,-324.877,416.888,113.875,409.847,0,0,1.12406,43.0008,190.08,0,0,0,-0.052218,0,0.467332,0,257,
cream-callback,794.177,-122.424,-27.2228,-264.313,-4.40997,385.965,-337.422,606.534,113.881,413.701,0,0,1.13858,28.8238,319.108,0,0,0,-0.262582,0,0.188439,0,257,
inventive-amarone,2253.6,-61.8394,-30.2177,-291.28,-8.28209,485.213,-362.979,1862.23,117.96,461.213,0,0,1.89233,79.2162,833.167,0,0,0,0.0247746,0,0.450849,0,257,
messy-discriminator,510.221,-134.901,-28.9923,-255.356,-1.95414,370.931,-323.896,344.06,110.218,401.605,0,0,1.12406,30.1286,156.922,0,0,-3.66429,0.116229,0,0.801955,0,257,
